[{"model": "news.category", "pk": 1, "fields": {"name": "Politics"}}, {"model": "news.category", "pk": 2, "fields": {"name": "Entertainment"}}, {"model": "news.category", "pk": 3, "fields": {"name": "Science"}}, {"model": "news.category", "pk": 4, "fields": {"name": "Economics"}}, {"model": "news.category", "pk": 5, "fields": {"name": "Sports"}}, {"model": "news.member", "pk": 13, "fields": {"DOB": "1995-06-10T00:00:00Z", "profile_pic": "profile_images/smile.jpg", "favouriteCats": [2, 3]}}, {"model": "news.member", "pk": 14, "fields": {"DOB": "1993-12-02T00:00:00Z", "profile_pic": "", "favouriteCats": [1, 4, 5]}}, {"model": "news.member", "pk": 15, "fields": {"DOB": "1999-02-28T00:00:00Z", "profile_pic": "profile_images/bean-potter.jpg", "favouriteCats": [2, 3, 5]}}, {"model": "news.article", "pk": 1, "fields": {"title": "Fastest Man Alive", "body": "Usain bolt is the fastest man alive. surprise surpise!", "pub_Date": "2020-11-09T19:38:45.777Z", "category": 5, "likes": [14, 15]}}, {"model": "news.article", "pk": 2, "fields": {"title": "PlayStation 5 Launch Descends Into Chaos", "body": "Stores in the UK quickly sell out of PS5 online and some buyers are even relisting these consoles online at inflated prices.", "pub_Date": "2020-11-19T12:48:23Z", "category": 4, "likes": [14, 15]}}, {"model": "news.article", "pk": 3, "fields": {"title": "Pfizer COVID-19 Vaccine is Nearly 95% Effective", "body": "The company announced that a final analysis indicates the vaccine is safe and 95 percent effective at preventing the illness.", "pub_Date": "2020-11-18T10:56:02Z", "category": 3, "likes": [13]}}, {"model": "news.article", "pk": 4, "fields": {"title": "Aenean nec semper augue, vitae fermentum lacus", "body": "Pellentesque vel posuere leo. Nullam eget risus ligula. Aenean sit amet sapien et urna congue condimentum vitae a lectus. Suspendisse imperdiet magna sit amet fringilla aliquam.", "pub_Date": "2020-11-19T21:51:50Z", "category": 5, "likes": [14, 15]}}, {"model": "news.article", "pk": 5, "fields": {"title": "Amber Heard To Still Cast in Aquaman 2 Despite Evidence from Johnny Depp", "body": "Ludum mutavit. Verbum est ex. Et ... sunt occidat. Videtur quod est super omne oppidum. Quis transfretavit tu iratus es contudit cranium cum dolor apparatus. Qui curis! Modo nobis certamen est, qui non credunt at. \r\n\r\nNonne vides quid sit? Tu es ... Jesse me respice. Tu ... blowfish sunt. A blowfish! Cogitare. Statura pusillus, nec sapientium panem, nec artificum. Sed predators facile prædam blowfish secretum telum non se habet. Non ille? Quid faciam blowfish, Isai. Blowfish quid faciat? In blowfish inflat, purus? \r\n\r\nBlowfish librantur in se quatuor, quinquies maior quam normalis, et quare? Quare id faciam? Ut terrorem facit, qui quid. Terrent! Ut alter, scarier pisces agminis off. Et quod tu es? Vos blowfish. Tu iustus in omnibus visio. Vides ... suus ' suus 'non aliud aerem. Nunc ... qui cum partibus blowfish Isai? Tu damnare ius. Vos blowfish. Dicere iterum. Dicere illam quasi velis eam. Es BLOWFISH! \r\n\r\nUt sibi fuerat socius sagittis. Ego intervenerit. Vere quia a te nuper iratus occidit illos undecim annorum puer. Deinde, si hoc forte qui fuit imperavit.", "pub_Date": "2020-11-29T14:20:00Z", "category": 2, "likes": [15]}}, {"model": "news.article", "pk": 6, "fields": {"title": "All Movie Releases Pushed Back Due to Covid", "body": "Suspicio? Bene ... tunc ibimus? Quis uh ... CONEXUS locus his diebus? Quisque semper aliquid videtur, in volutpat mauris. Nolo enim dicere. Vobis neque ab aliis. Ego feci memetipsum explicans. Gus mortuus est. Lorem opus habeo. \r\n\r\nJackson Isai? Tu quoque ... A te quidem a ante. Vos scitis quod blinking res Ive 'been vocans super vos? Et conteram illud, et conteram hoc. Maledicant druggie excors. Iam hoc tu facere conatus sum ad te in omni tempore? \r\n\r\nLudum mutavit. Verbum est ex. Et ... sunt occidat. Videtur quod est super omne oppidum. Quis transfretavit tu iratus es contudit cranium cum dolor apparatus. Qui curis! Modo nobis certamen est, qui non credunt at. \r\n\r\nNonne vides quid sit? Tu es ... Jesse me respice. Tu ... blowfish sunt. A blowfish! Cogitare. Statura pusillus, nec sapientium panem, nec artificum. Sed predators facile prædam blowfish secretum telum non se habet. Non ille? Quid faciam blowfish, Isai. Blowfish quid faciat? In blowfish inflat, purus?", "pub_Date": "2020-11-29T13:45:00Z", "category": 2, "likes": []}}, {"model": "news.article", "pk": 7, "fields": {"title": "Ashoka Tano Finally Revealed in the Mandalorian!", "body": "Ludum mutavit. Verbum est ex. Et ... sunt occidat. Videtur quod est super omne oppidum. Quis transfretavit tu iratus es contudit cranium cum dolor apparatus. Qui curis! Modo nobis certamen est, qui non credunt at. \r\n\r\nNonne vides quid sit? Tu es ... Jesse me respice. Tu ... blowfish sunt. A blowfish! Cogitare. Statura pusillus, nec sapientium panem, nec artificum. Sed predators facile prædam blowfish secretum telum non se habet. Non ille? Quid faciam blowfish, Isai. Blowfish quid faciat? In blowfish inflat, purus? \r\n\r\nBlowfish librantur in se quatuor, quinquies maior quam normalis, et quare? Quare id faciam? Ut terrorem facit, qui quid. Terrent! Ut alter, scarier pisces agminis off. Et quod tu es? Vos blowfish. Tu iustus in omnibus visio. Vides ... suus ' suus 'non aliud aerem. Nunc ... qui cum partibus blowfish Isai? Tu damnare ius. Vos blowfish. Dicere iterum. Dicere illam quasi velis eam. Es BLOWFISH! \r\n\r\nUt sibi fuerat socius sagittis. Ego intervenerit. Vere quia a te nuper iratus occidit illos undecim annorum puer. Deinde, si hoc forte qui fuit imperavit.", "pub_Date": "2020-11-28T18:00:00Z", "category": 2, "likes": [13]}}, {"model": "news.article", "pk": 8, "fields": {"title": "Economy crashes even more as Covid-19 Celebrates its Birthday", "body": "Blowfish librantur in se quatuor, quinquies maior quam normalis, et quare? Quare id faciam? Ut terrorem facit, qui quid. Terrent! Ut alter, scarier pisces agminis off. Et quod tu es? Vos blowfish. Tu iustus in omnibus visio. Vides ... suus ' suus 'non aliud aerem. Nunc ... qui cum partibus blowfish Isai? Tu damnare ius. Vos blowfish. Dicere iterum. Dicere illam quasi velis eam. Es BLOWFISH! \r\n\r\nUt sibi fuerat socius sagittis. Ego intervenerit. Vere quia a te nuper iratus occidit illos undecim annorum puer. Deinde, si hoc forte qui fuit imperavit. \r\n\r\nQuod satis pecuniae sempiternum. Ut sciat oportet motum. Nunquam invenies eum. Hic de tabula. Ego vivere, ut debui, et nunc fiant. Istuc quod opus non est. Lorem ipsum occurrebat pragmaticam semper ut, si quis ita velim tibi bene recognoscere. Quorum duo te mihi videtur. \r\n\r\nMauris a nunc occideritis me rectum. Videtur quod Ive facillimum, qui fecit vos. Potes me interficere, sine testibus et tunc manere in pauci weeks vel mensis vestigia Isai Pinkman et vos quoque illum occidere. Exercitium inutili option A. Videtur mihi quod autem est.", "pub_Date": "2020-11-29T14:27:32Z", "category": 4, "likes": []}}, {"model": "news.article", "pk": 9, "fields": {"title": "Is the Big Mac index still a good way to compare purchasing power parity?", "body": "Saule ... , ostendit quod hoc quidem ... hoc quod dixit, ... potuit adiutorium mihi, et educat me in tota vita nova facio certus ut Im 'non invenit. Ego quidem illius memini Saul. Gus sit amet interfíciat mei tota familia. Nunc opus est mihi iste. Saul ... nunc Saule. \r\n\r\nSuspicio? Bene ... tunc ibimus? Quis uh ... CONEXUS locus his diebus? Quisque semper aliquid videtur, in volutpat mauris. Nolo enim dicere. Vobis neque ab aliis. Ego feci memetipsum explicans. Gus mortuus est. Lorem opus habeo. \r\n\r\nJackson Isai? Tu quoque ... A te quidem a ante. Vos scitis quod blinking res Ive 'been vocans super vos? Et conteram illud, et conteram hoc. Maledicant druggie excors. Iam hoc tu facere conatus sum ad te in omni tempore? \r\n\r\nLudum mutavit. Verbum est ex. Et ... sunt occidat. Videtur quod est super omne oppidum. Quis transfretavit tu iratus es contudit cranium cum dolor apparatus. Qui curis! Modo nobis certamen est, qui non credunt at.", "pub_Date": "2020-11-10T16:56:00Z", "category": 4, "likes": [14]}}, {"model": "news.article", "pk": 10, "fields": {"title": "Will light speed travel ever be possible?", "body": "Loquélæ. Brevis oratio. Hodie particeps tua perdideris. Quid sui nominis - Emilio? Emilio gradiens ad carcerem. Tulitque omnem pecuniam tuam in DEA tuus Lab. Vos got nihil. Quadratum unum. Et ego agnosco rem, nisi te scire elit. Cogito ... maybe vos possem socium ascendit. \r\n\r\nPaenitet me quod tu me rogas? Oh, sic, qui stultus plastic continentis rogavi te ut emas. Vides non manducare acidum hydrofluoric per plastic. Erit autem dissolvere metalli petram, vitrum, tellus. Ita quod illic '. Quam de aliquo cum aliqua interdum, maybe? Aliquid viride, huh? Quam vos sunt etiam vivere? \r\n\r\nQuinquaginta septem est - pars tua, triginta quinque millia. Est autem extra plus quindecim, tota tua est, quom meruisset. Fac nos fecit. SIC. Puto quia una res potest - venimus in cognitionem. Vide pretium in manibus. Sed finge iustum faciens quod qualibet septimana. SIC. Duis duas libras triginta quinque milia pondo. \r\n\r\nRespice ... Sentio sicut ego vobis exponam: sed vias breve iterum conabor. Fugere hoc maior difficultas est nobis. Perdet eam batch nostri. Et delebis eam ac omnia opus est vestigium, ut possimus coques. Sin id, quod morte morieris. Locus non est peccatum. Nec apud hos.", "pub_Date": "2020-11-29T18:00:00Z", "category": 3, "likes": [13]}}, {"model": "news.article", "pk": 11, "fields": {"title": "Is it possible for Covid-19 to mutate and give us superpowers?", "body": "Qui nunc loqueris? Ecce qui cogitatis? Vos scitis quanta ego faciam annum Id est, ut ego dixi vobis non credunt. Scis quid si ne subito placuit ire in opus? \r\n\r\nNegotium sufficere posse recensentur in NASDAQ vadit ventre sursum. Perit! Non est amplius extra me existant. Non, manifeste tu scis nesciunt qui loquebantur, sic fiat mihi fila vobis ego sum nolite ingredi in periculo Skyler. Sum in periculo! Ut sagittis metus aperit ostium, et arbitraris me et habet? Non ego sum ille qui pulsat! \r\n\r\nLocutus est tibi? Respondeo dicendum esset iustus? Quæ? Quem populum? Mensis abhinc Gus occidere vellet uterque. Et nunc, utatur LAB et trahit vos de ... quae ... a socio gunman? A lenta guy? Numquid aliquo tibi Et dicit quod videt te. Qualis est is lascivio venatus. Putat quod surdus es? Non potest vere putes quod oblito ... nedum Gale, nedum Victoris ... quod pertinet ad omne nefas et qui. \r\n\r\nSuus satis. Quod etiam optime. Vos ite post eum, fistulae, nunquam vivum exire ab ea. Sed cum hoc ... excidit tibi in cibo aut in potu, aut: olefac Elegantioris non sit ... triginta sex horae post ... Poof. Vir aetatis operantes, dura sicut facit ... nemo mirabatur. Mike suspectas habere possunt, sed quod omnes illi eris. Obsecro, unum homicidam maniaco tempore.", "pub_Date": "2020-11-05T14:31:41Z", "category": 3, "likes": [15]}}, {"model": "news.article", "pk": 12, "fields": {"title": "Extracting Dinosaur DNA from Amber: T-rexes coming to a pet store near you", "body": "Suus satis. Quod etiam optime. Vos ite post eum, fistulae, nunquam vivum exire ab ea. Sed cum hoc ... excidit tibi in cibo aut in potu, aut: olefac Elegantioris non sit ... triginta sex horae post ... Poof. Vir aetatis operantes, dura sicut facit ... nemo mirabatur. Mike suspectas habere possunt, sed quod omnes illi eris. Obsecro, unum homicidam maniaco tempore. \r\n\r\nEcce dabo Pinkman Isai OK? Sicut locutus est tibi, et datus est, et hic sine Semper consequat volumus ... et ille in urbe ista licet? Et infernus, ubi tu non Virginiae ornare vel ipsum. Ut enim Albuquerque et ille eum iure hic, et ego ducam te ad iustitiam. Quid dicis? \r\n\r\nAt nolo de me ipso turpis. Ut nullam curae. Scis quid mihi quod infernum sit amet nunc magis animum, nunc eros eget quam cogitatione emptio damnat. Purus? Sic, si fieri justi ... amabo. \r\n\r\nProhibere. Striga! Ut custodiant te sermonem dicens - periculi ... periculo! Non ego illud numquam. Dixi sunt implicatae. Elatus deinde manubrio!", "pub_Date": "2020-11-11T12:00:14Z", "category": 3, "likes": []}}, {"model": "news.article", "pk": 13, "fields": {"title": "The rise and fall of the annoying orange and the secret to how he became the POTUS in the first place", "body": "Ille vivere. Ut ad te quaerebam ... purgare caeli. Sunt uh ... nonnullus propter errorem qui de rebus inter nos et iacere puto suus in causa, id est in mensa. Levir meus, priusquam oppugnarent tempus quis, admonere dicitur. Credo quod idem mihi praesidium. \r\n\r\nHis duobus, sicariorum. Et orci aetate erat, sed nescio quo modo se gerendo levir meus aufert a me. Propter hoc 'interventu 'vivere me scito. Et tamen hoc quod multo altius est eget arcu. Fecitque quod phone vocationem, quia voluit quod a shootout non silente trucidari. \r\n\r\nUno ictu cruentus ille utrimque - statuit American Mexicanus gubernationes contra CONEXUS, et amputavit auriculam eius generis copia methamphetamine ad Africum. Quo facto suo, si huius huc termini velit vitae ipsum. Praemia essent ... ingentibus. \r\n\r\nSumus tam adultis. Non est enim tibi nescio fingunt. Confusio esse cupio. Scio te debeo meae. At etiam, ut caveant ab his eu. In tuo positum, idem fecissem. Constitutione, quam molesta est mihi tres menses nescio quid de contractu fines nostros. Scis quare hoc facere. Lorem satis quaesitum.", "pub_Date": "2020-10-20T17:09:05Z", "category": 1, "likes": [14]}}, {"model": "news.article", "pk": 14, "fields": {"title": "EU is ready to host the party the moment the UK Leaves", "body": "Locutus est tibi? Respondeo dicendum esset iustus? Quæ? Quem populum? Mensis abhinc Gus occidere vellet uterque. Et nunc, utatur LAB et trahit vos de ... quae ... a socio gunman? A lenta guy? Numquid aliquo tibi Et dicit quod videt te. Qualis est is lascivio venatus. Putat quod surdus es? Non potest vere putes quod oblito ... nedum Gale, nedum Victoris ... quod pertinet ad omne nefas et qui. \r\n\r\nSuus satis. Quod etiam optime. Vos ite post eum, fistulae, nunquam vivum exire ab ea. Sed cum hoc ... excidit tibi in cibo aut in potu, aut: olefac Elegantioris non sit ... triginta sex horae post ... Poof. Vir aetatis operantes, dura sicut facit ... nemo mirabatur. Mike suspectas habere possunt, sed quod omnes illi eris. Obsecro, unum homicidam maniaco tempore. \r\n\r\nEcce dabo Pinkman Isai OK? Sicut locutus est tibi, et datus est, et hic sine Semper consequat volumus ... et ille in urbe ista licet? Et infernus, ubi tu non Virginiae ornare vel ipsum. Ut enim Albuquerque et ille eum iure hic, et ego ducam te ad iustitiam. Quid dicis? \r\n\r\nAt nolo de me ipso turpis. Ut nullam curae. Scis quid mihi quod infernum sit amet nunc magis animum, nunc eros eget quam cogitatione emptio damnat. Purus? Sic, si fieri justi ... amabo. \r\n\r\nProhibere. Striga! Ut custodiant te sermonem dicens - periculi ... periculo! Non ego illud numquam. Dixi sunt implicatae. Elatus deinde manubrio!", "pub_Date": "2020-11-29T14:36:09Z", "category": 1, "likes": [13, 14, 15]}}, {"model": "news.article", "pk": 15, "fields": {"title": "Not your cheese: Switzerland and France tensions high as they debate whose cheese tastes better", "body": "Uno ictu cruentus ille utrimque - statuit American Mexicanus gubernationes contra CONEXUS, et amputavit auriculam eius generis copia methamphetamine ad Africum. Quo facto suo, si huius huc termini velit vitae ipsum. Praemia essent ... ingentibus. \r\n\r\nSumus tam adultis. Non est enim tibi nescio fingunt. Confusio esse cupio. Scio te debeo meae. At etiam, ut caveant ab his eu. In tuo positum, idem fecissem. Constitutione, quam molesta est mihi tres menses nescio quid de contractu fines nostros. Scis quare hoc facere. Lorem satis quaesitum. \r\n\r\nLoquélæ. Brevis oratio. Hodie particeps tua perdideris. Quid sui nominis - Emilio? Emilio gradiens ad carcerem. Tulitque omnem pecuniam tuam in DEA tuus Lab. Vos got nihil. Quadratum unum. Et ego agnosco rem, nisi te scire elit. Cogito ... maybe vos possem socium ascendit. \r\n\r\nPaenitet me quod tu me rogas? Oh, sic, qui stultus plastic continentis rogavi te ut emas. Vides non manducare acidum hydrofluoric per plastic. Erit autem dissolvere metalli petram, vitrum, tellus. Ita quod illic '. Quam de aliquo cum aliqua interdum, maybe? Aliquid viride, huh? Quam vos sunt etiam vivere? \r\n\r\nQuinquaginta septem est - pars tua, triginta quinque millia. Est autem extra plus quindecim, tota tua est, quom meruisset. Fac nos fecit. SIC. Puto quia una res potest - venimus in cognitionem. Vide pretium in manibus. Sed finge iustum faciens quod qualibet septimana. SIC. Duis duas libras triginta quinque milia pondo. \r\n\r\nRespice ... Sentio sicut ego vobis exponam: sed vias breve iterum conabor. Fugere hoc maior difficultas est nobis. Perdet eam batch nostri. Et delebis eam ac omnia opus est vestigium, ut possimus coques. Sin id, quod morte morieris. Locus non est peccatum. Nec apud hos. \r\n\r\nAut si rem a me pecuniam in Midiam elit. Nec ego in imperio elit. Id quod sum sub potestate felis. Etiam Id est - problema solvenda. Skyler est simplex partitio - introducam pecuniam, pecuniam launder. Id quod vobis deerat.", "pub_Date": "2020-11-29T14:37:25Z", "category": 1, "likes": [14, 15]}}, {"model": "news.article", "pk": 16, "fields": {"title": "Skateboarding to Feature in the 2020 Olympics", "body": "Suspicio? Bene ... tunc ibimus? Quis uh ... CONEXUS locus his diebus? Quisque semper aliquid videtur, in volutpat mauris. Nolo enim dicere. Vobis neque ab aliis. Ego feci memetipsum explicans. Gus mortuus est. Lorem opus habeo. \r\n\r\nJackson Isai? Tu quoque ... A te quidem a ante. Vos scitis quod blinking res Ive 'been vocans super vos? Et conteram illud, et conteram hoc. Maledicant druggie excors. Iam hoc tu facere conatus sum ad te in omni tempore? \r\n\r\nLudum mutavit. Verbum est ex. Et ... sunt occidat. Videtur quod est super omne oppidum. Quis transfretavit tu iratus es contudit cranium cum dolor apparatus. Qui curis! Modo nobis certamen est, qui non credunt at. \r\n\r\nNonne vides quid sit? Tu es ... Jesse me respice. Tu ... blowfish sunt. A blowfish! Cogitare. Statura pusillus, nec sapientium panem, nec artificum. Sed predators facile prædam blowfish secretum telum non se habet. Non ille? Quid faciam blowfish, Isai. Blowfish quid faciat? In blowfish inflat, purus? \r\n\r\nBlowfish librantur in se quatuor, quinquies maior quam normalis, et quare? Quare id faciam? Ut terrorem facit, qui quid. Terrent! Ut alter, scarier pisces agminis off. Et quod tu es? Vos blowfish. Tu iustus in omnibus visio. Vides ... suus ' suus 'non aliud aerem. Nunc ... qui cum partibus blowfish Isai? Tu damnare ius. Vos blowfish. Dicere iterum. Dicere illam quasi velis eam. Es BLOWFISH!", "pub_Date": "2020-11-30T14:38:54Z", "category": 5, "likes": [14, 15]}}, {"model": "news.article", "pk": 17, "fields": {"title": "Bottle Flipping to recieve its own World Championship Contest", "body": "Prohibere. Striga! Ut custodiant te sermonem dicens - periculi ... periculo! Non ego illud numquam. Dixi sunt implicatae. Elatus deinde manubrio! \r\n\r\nGus sit amet suum motum. Nescio quando, aut quomodo, nescio quo. Illud scio, amet tortor. Suarum impotens prohibere eum. \r\n\r\nSum expectantes. Ego hodie expectantes. Expectantes, et misit unum de pueris Gus interficere. Et suus vos. Nescio quis, qui est bonus usus liberi ad Isai? Qui nosti ... Quis dimisit filios ad necem ... hmm? Gus! Est, ante me factus singulis decem gradibus. Et nunc ad aliud opus mihi tandem tollendum est puer ille consensus et nunc fugit. Ipse suus obtinuit eam. Non solum autem illa, sed te tractantur in se trahens felis. \r\n\r\nNo! Hoc non credant? Gus habet cameras ubique placet. Audire te! Non, omnia novit, omnia simul. Ubi eras hodie? In Lab! Et vos nolite cogitare suus 'possible ut Tyrus de cigarette elevaverunt CAPSA vestris? Age! Tu non vides? Pompeius extrema partem es. Tu omne quod ille voluit. \r\n\r\nTu nunc coci ejus. Tu autem cocus Lab et probavimus liceat mihi sine causa est nunc coci interficere. Reputo it! Suus egregie. Ut antecedat. Quod si putas me posse facere, ergo ante. Pone aute in caput, et nunc interficere. Faciat! Fac. Fac. Fac.", "pub_Date": "2020-11-29T14:41:19Z", "category": 5, "likes": []}}, {"model": "news.article", "pk": 18, "fields": {"title": "Connor McGregor has challenged Floyd Mayweather to Round 2", "body": "Locutus est tibi? Respondeo dicendum esset iustus? Quæ? Quem populum? Mensis abhinc Gus occidere vellet uterque. Et nunc, utatur LAB et trahit vos de ... quae ... a socio gunman? A lenta guy? Numquid aliquo tibi Et dicit quod videt te. Qualis est is lascivio venatus. Putat quod surdus es? Non potest vere putes quod oblito ... nedum Gale, nedum Victoris ... quod pertinet ad omne nefas et qui. \r\n\r\nSuus satis. Quod etiam optime. Vos ite post eum, fistulae, nunquam vivum exire ab ea. Sed cum hoc ... excidit tibi in cibo aut in potu, aut: olefac Elegantioris non sit ... triginta sex horae post ... Poof. Vir aetatis operantes, dura sicut facit ... nemo mirabatur. Mike suspectas habere possunt, sed quod omnes illi eris. Obsecro, unum homicidam maniaco tempore. \r\n\r\nEcce dabo Pinkman Isai OK? Sicut locutus est tibi, et datus est, et hic sine Semper consequat volumus ... et ille in urbe ista licet? Et infernus, ubi tu non Virginiae ornare vel ipsum. Ut enim Albuquerque et ille eum iure hic, et ego ducam te ad iustitiam. Quid dicis? \r\n\r\nAt nolo de me ipso turpis. Ut nullam curae. Scis quid mihi quod infernum sit amet nunc magis animum, nunc eros eget quam cogitatione emptio damnat. Purus? Sic, si fieri justi ... amabo. \r\n\r\nProhibere. Striga! Ut custodiant te sermonem dicens - periculi ... periculo! Non ego illud numquam. Dixi sunt implicatae. Elatus deinde manubrio!", "pub_Date": "2020-11-28T19:00:00Z", "category": 5, "likes": [15]}}, {"model": "news.article", "pk": 19, "fields": {"title": "Alien Sighting In Wakanda", "body": "Paenitet me quod tu me rogas? Oh, sic, qui stultus plastic continentis rogavi te ut emas. Vides non manducare acidum hydrofluoric per plastic. Erit autem dissolvere metalli petram, vitrum, tellus. Ita quod illic '. Quam de aliquo cum aliqua interdum, maybe? Aliquid viride, huh? Quam vos sunt etiam vivere? \r\n\r\nQuinquaginta septem est - pars tua, triginta quinque millia. Est autem extra plus quindecim, tota tua est, quom meruisset. Fac nos fecit. SIC. Puto quia una res potest - venimus in cognitionem. Vide pretium in manibus. Sed finge iustum faciens quod qualibet septimana. SIC. Duis duas libras triginta quinque milia pondo. \r\n\r\nRespice ... Sentio sicut ego vobis exponam: sed vias breve iterum conabor. Fugere hoc maior difficultas est nobis. Perdet eam batch nostri. Et delebis eam ac omnia opus est vestigium, ut possimus coques. Sin id, quod morte morieris. Locus non est peccatum. Nec apud hos. \r\n\r\nAut si rem a me pecuniam in Midiam elit. Nec ego in imperio elit. Id quod sum sub potestate felis. Etiam Id est - problema solvenda. Skyler est simplex partitio - introducam pecuniam, pecuniam launder. Id quod vobis deerat.", "pub_Date": "2020-11-29T15:59:33Z", "category": 3, "likes": [13, 15]}}, {"model": "news.comment", "pk": 69, "fields": {"article": 6, "author": 15, "reply": null, "text": "Aw shucks"}}, {"model": "news.comment", "pk": 70, "fields": {"article": 3, "author": 15, "reply": null, "text": "Give it to me now!"}}, {"model": "news.comment", "pk": 71, "fields": {"article": 11, "author": 15, "reply": null, "text": "If I had a superpower, I'd want the power of telekinesis "}}, {"model": "news.comment", "pk": 72, "fields": {"article": 16, "author": 15, "reply": null, "text": "About time!"}}, {"model": "news.comment", "pk": 73, "fields": {"article": 18, "author": 15, "reply": null, "text": "A match we've all been waiting for"}}, {"model": "news.comment", "pk": 76, "fields": {"article": 15, "author": 15, "reply": null, "text": "I prefer Switzerland's cheese "}}, {"model": "news.comment", "pk": 77, "fields": {"article": null, "author": 13, "reply": 76, "text": "I have to disagree and say French cheese is better "}}, {"model": "news.comment", "pk": 78, "fields": {"article": 5, "author": 13, "reply": null, "text": "This is outrageous!!"}}, {"model": "news.comment", "pk": 79, "fields": {"article": 6, "author": 13, "reply": null, "text": "Booo!"}}, {"model": "news.comment", "pk": 80, "fields": {"article": 7, "author": 13, "reply": null, "text": "I've been waiting a long time for this moment!"}}, {"model": "news.comment", "pk": 81, "fields": {"article": 19, "author": 13, "reply": null, "text": "That's cap"}}, {"model": "news.comment", "pk": 82, "fields": {"article": null, "author": 13, "reply": 70, "text": "Me too!"}}, {"model": "news.comment", "pk": 83, "fields": {"article": 11, "author": 13, "reply": null, "text": "I'd want invisibility "}}, {"model": "news.comment", "pk": 84, "fields": {"article": null, "author": 15, "reply": 69, "text": "There were so many movies I've been looking forward to watching"}}, {"model": "news.comment", "pk": 85, "fields": {"article": null, "author": 14, "reply": 76, "text": "I have to agree with you there"}}, {"model": "news.comment", "pk": 86, "fields": {"article": 8, "author": 14, "reply": null, "text": "Will it ever end"}}, {"model": "news.comment", "pk": 87, "fields": {"article": 2, "author": 14, "reply": null, "text": "I was lucky to get it at its original price"}}, {"model": "news.comment", "pk": 88, "fields": {"article": 16, "author": 14, "reply": null, "text": "Finally"}}, {"model": "news.comment", "pk": 89, "fields": {"article": 1, "author": 14, "reply": null, "text": "Surprise"}}, {"model": "news.comment", "pk": 90, "fields": {"article": 18, "author": 14, "reply": null, "text": "Looking forward to the match between Mayweather and Logan Paul"}}, {"model": "news.comment", "pk": 91, "fields": {"article": null, "author": 15, "reply": 90, "text": "Another easy win for Mayweather"}}, {"model": "news.comment", "pk": 92, "fields": {"article": 1, "author": 15, "reply": null, "text": "Surprise"}}, {"model": "admin.logentry", "pk": 1, "fields": {"action_time": "2020-11-19T21:33:08.828Z", "user": 1, "content_type": 7, "object_id": "5", "object_repr": "Category: Sports", "action_flag": 2, "change_message": "[{\"changed\": {\"fields\": [\"Name\"]}}]"}}, {"model": "admin.logentry", "pk": 2, "fields": {"action_time": "2020-11-19T21:45:47.748Z", "user": 1, "content_type": 8, "object_id": "2", "object_repr": "Title: PlayStation 5 Launch Descends Into Chaos Body: Stores in the UK quickly sell out of PS5 online and some buyers are even relisting these consoles online at inflated prices. Published: 2020-11-19", "action_flag": 1, "change_message": "[{\"added\": {}}]"}}, {"model": "admin.logentry", "pk": 3, "fields": {"action_time": "2020-11-19T21:50:34.774Z", "user": 1, "content_type": 8, "object_id": "3", "object_repr": "Title: Pfizer COVID-19 Vaccine is Nearly 95% Effective Body: The company announced that a final analysis indicates the vaccine is safe and 95 percent effective at preventing the illness. Published: 20", "action_flag": 1, "change_message": "[{\"added\": {}}]"}}, {"model": "admin.logentry", "pk": 4, "fields": {"action_time": "2020-11-19T21:52:00.426Z", "user": 1, "content_type": 8, "object_id": "4", "object_repr": "Title: Aenean nec semper augue, vitae fermentum lacus Body: Pellentesque vel posuere leo. Nullam eget risus ligula. Aenean sit amet sapien et urna congue condimentum vitae a lectus. Suspendisse imperd", "action_flag": 1, "change_message": "[{\"added\": {}}]"}}, {"model": "admin.logentry", "pk": 5, "fields": {"action_time": "2020-11-26T22:31:29.013Z", "user": 1, "content_type": 4, "object_id": "2", "object_repr": "BigChungus07", "action_flag": 2, "change_message": "[{\"changed\": {\"fields\": [\"First name\", \"Last name\", \"Email address\"]}}]"}}, {"model": "admin.logentry", "pk": 6, "fields": {"action_time": "2020-11-27T20:04:34.957Z", "user": 1, "content_type": 9, "object_id": "2", "object_repr": "Name: BigChungus07Date of Birth: 1998-03-17 00:00:00+00:00 Favourite Categories: Politics , Economics , Sports , \n", "action_flag": 2, "change_message": "[{\"changed\": {\"fields\": [\"Profile pic\"]}}]"}}, {"model": "admin.logentry", "pk": 7, "fields": {"action_time": "2020-11-27T20:26:48.011Z", "user": 1, "content_type": 9, "object_id": "2", "object_repr": "Name: BigChungus07Date of Birth: 1998-03-17 00:00:00+00:00 Favourite Categories: Politics , Economics , Sports , \n", "action_flag": 2, "change_message": "[]"}}, {"model": "admin.logentry", "pk": 8, "fields": {"action_time": "2020-11-27T20:26:53.517Z", "user": 1, "content_type": 9, "object_id": "2", "object_repr": "Name: BigChungus07Date of Birth: 1998-03-17 00:00:00+00:00 Favourite Categories: Politics , Economics , Sports , \n", "action_flag": 2, "change_message": "[]"}}, {"model": "admin.logentry", "pk": 9, "fields": {"action_time": "2020-11-27T21:02:39.450Z", "user": 1, "content_type": 9, "object_id": "4", "object_repr": "Name: Borat.Sagdiyev69Date of Birth: 1971-10-13 00:00:00+00:00 Favourite Categories: Entertainment , Economics , \n", "action_flag": 2, "change_message": "[{\"changed\": {\"fields\": [\"FavouriteCats\"]}}]"}}, {"model": "admin.logentry", "pk": 10, "fields": {"action_time": "2020-11-27T22:02:04.513Z", "user": 1, "content_type": 9, "object_id": "2", "object_repr": "Name: BigChungus07Date of Birth: 1998-03-17 00:00:00+00:00 Favourite Categories: Politics , Economics , Sports , \n", "action_flag": 2, "change_message": "[{\"changed\": {\"fields\": [\"Profile pic\"]}}]"}}, {"model": "admin.logentry", "pk": 11, "fields": {"action_time": "2020-11-28T17:34:56.872Z", "user": 1, "content_type": 9, "object_id": "2", "object_repr": "Name: BigChungus07Date of Birth: 1998-03-17 00:00:00+00:00 Favourite Categories: Politics , Economics , Sports , \n", "action_flag": 2, "change_message": "[{\"changed\": {\"fields\": [\"Profile pic\"]}}]"}}, {"model": "admin.logentry", "pk": 12, "fields": {"action_time": "2020-11-29T14:22:44.682Z", "user": 1, "content_type": 8, "object_id": "5", "object_repr": "Title: Amber Heard To Still Cast in Aquaman 2 Despite Evidence from Johnny Depp Body: Ludum mutavit. Verbum est ex. Et ... sunt occidat. Videtur quod est super omne oppidum. Quis transfretavit tu irat", "action_flag": 1, "change_message": "[{\"added\": {}}]"}}, {"model": "admin.logentry", "pk": 13, "fields": {"action_time": "2020-11-29T14:23:41.155Z", "user": 1, "content_type": 8, "object_id": "6", "object_repr": "Title: All Movie Releases Pushed Back Due to Covid Body: Suspicio? Bene ... tunc ibimus? Quis uh ... CONEXUS locus his diebus? Quisque semper aliquid videtur, in volutpat mauris. Nolo enim dicere. Vob", "action_flag": 1, "change_message": "[{\"added\": {}}]"}}, {"model": "admin.logentry", "pk": 14, "fields": {"action_time": "2020-11-29T14:24:42.224Z", "user": 1, "content_type": 8, "object_id": "7", "object_repr": "Title: Ashoka Tano Finally Revealed in the Mandalorian! Body: Ludum mutavit. Verbum est ex. Et ... sunt occidat. Videtur quod est super omne oppidum. Quis transfretavit tu iratus es contudit cranium c", "action_flag": 1, "change_message": "[{\"added\": {}}]"}}, {"model": "admin.logentry", "pk": 15, "fields": {"action_time": "2020-11-29T14:27:38.367Z", "user": 1, "content_type": 8, "object_id": "8", "object_repr": "Title: Economy crashes even more as Covid-19 Celebrates its Birthday Body: Blowfish librantur in se quatuor, quinquies maior quam normalis, et quare? Quare id faciam? Ut terrorem facit, qui quid. Terr", "action_flag": 1, "change_message": "[{\"added\": {}}]"}}, {"model": "admin.logentry", "pk": 16, "fields": {"action_time": "2020-11-29T14:29:46.861Z", "user": 1, "content_type": 8, "object_id": "9", "object_repr": "Title: Is the Big Mac index still a good way to compare purchasing power parity? Body: Saule ... , ostendit quod hoc quidem ... hoc quod dixit, ... potuit adiutorium mihi, et educat me in tota vita no", "action_flag": 1, "change_message": "[{\"added\": {}}]"}}, {"model": "admin.logentry", "pk": 17, "fields": {"action_time": "2020-11-29T14:31:01.023Z", "user": 1, "content_type": 8, "object_id": "10", "object_repr": "Title: Will light speed travel ever be possible? Body: Loquélæ. Brevis oratio. Hodie particeps tua perdideris. Quid sui nominis - Emilio? Emilio gradiens ad carcerem. Tulitque omnem pecuniam tuam in D", "action_flag": 1, "change_message": "[{\"added\": {}}]"}}, {"model": "admin.logentry", "pk": 18, "fields": {"action_time": "2020-11-29T14:31:54.083Z", "user": 1, "content_type": 8, "object_id": "11", "object_repr": "Title: Is it possible for Covid-19 to mutate and give us superpowers? Body: Qui nunc loqueris? Ecce qui cogitatis? Vos scitis quanta ego faciam annum Id est, ut ego dixi vobis non credunt. Scis quid s", "action_flag": 1, "change_message": "[{\"added\": {}}]"}}, {"model": "admin.logentry", "pk": 19, "fields": {"action_time": "2020-11-29T14:33:05.834Z", "user": 1, "content_type": 8, "object_id": "12", "object_repr": "Title: Extracting Dinosaur DNA from Amber: T-rexes coming to a pet store near you Body: Suus satis. Quod etiam optime. Vos ite post eum, fistulae, nunquam vivum exire ab ea. Sed cum hoc ... excidit ti", "action_flag": 1, "change_message": "[{\"added\": {}}]"}}, {"model": "admin.logentry", "pk": 20, "fields": {"action_time": "2020-11-29T14:35:23.860Z", "user": 1, "content_type": 8, "object_id": "13", "object_repr": "Title: The rise and fall of the annoying orange and the secret to how he became the POTUS in the first place Body: Ille vivere. Ut ad te quaerebam ... purgare caeli. Sunt uh ... nonnullus propter erro", "action_flag": 1, "change_message": "[{\"added\": {}}]"}}, {"model": "admin.logentry", "pk": 21, "fields": {"action_time": "2020-11-29T14:36:21.233Z", "user": 1, "content_type": 8, "object_id": "14", "object_repr": "Title: EU is ready to host the party the moment the UK Leaves Body: Locutus est tibi? Respondeo dicendum esset iustus? Quæ? Quem populum? Mensis abhinc Gus occidere vellet uterque. Et nunc, utatur LAB", "action_flag": 1, "change_message": "[{\"added\": {}}]"}}, {"model": "admin.logentry", "pk": 22, "fields": {"action_time": "2020-11-29T14:37:49.118Z", "user": 1, "content_type": 8, "object_id": "15", "object_repr": "Title: Not your cheese: Switzerland and France tensions high as they debate whose cheese tastes better Body: Uno ictu cruentus ille utrimque - statuit American Mexicanus gubernationes contra CONEXUS, ", "action_flag": 1, "change_message": "[{\"added\": {}}]"}}, {"model": "admin.logentry", "pk": 23, "fields": {"action_time": "2020-11-29T14:39:17.905Z", "user": 1, "content_type": 8, "object_id": "16", "object_repr": "Title: Skateboarding to Feature in the 2020 Olympics Body: Suspicio? Bene ... tunc ibimus? Quis uh ... CONEXUS locus his diebus? Quisque semper aliquid videtur, in volutpat mauris. Nolo enim dicere. V", "action_flag": 1, "change_message": "[{\"added\": {}}]"}}, {"model": "admin.logentry", "pk": 24, "fields": {"action_time": "2020-11-29T14:41:33.967Z", "user": 1, "content_type": 8, "object_id": "17", "object_repr": "Title: Bottle Flipping to recieve its own World Championship Contest Body: Prohibere. Striga! Ut custodiant te sermonem dicens - periculi ... periculo! Non ego illud numquam. Dixi sunt implicatae. Ela", "action_flag": 1, "change_message": "[{\"added\": {}}]"}}, {"model": "admin.logentry", "pk": 25, "fields": {"action_time": "2020-11-29T14:42:42.337Z", "user": 1, "content_type": 8, "object_id": "18", "object_repr": "Title: Connor McGregor has challenged Floyd Mayweather to Round 2 Body: Locutus est tibi? Respondeo dicendum esset iustus? Quæ? Quem populum? Mensis abhinc Gus occidere vellet uterque. Et nunc, utatur", "action_flag": 1, "change_message": "[{\"added\": {}}]"}}, {"model": "admin.logentry", "pk": 26, "fields": {"action_time": "2020-11-29T15:59:46.881Z", "user": 1, "content_type": 8, "object_id": "19", "object_repr": "Title: Alien Sighting In Wakanda Body: Paenitet me quod tu me rogas? Oh, sic, qui stultus plastic continentis rogavi te ut emas. Vides non manducare acidum hydrofluoric per plastic. Erit autem dissolv", "action_flag": 1, "change_message": "[{\"added\": {}}]"}}, {"model": "admin.logentry", "pk": 27, "fields": {"action_time": "2020-12-01T13:28:14.530Z", "user": 1, "content_type": 8, "object_id": "19", "object_repr": "Title: Alien Sighting In Wakanda Body: Paenitet me quod tu me rogas? Oh, sic, qui stultus plastic continentis rogavi te ut emas. Vides non manducare acidum hydrofluoric per plastic. Erit autem dissolv", "action_flag": 2, "change_message": "[{\"changed\": {\"fields\": [\"Likes\"]}}]"}}, {"model": "admin.logentry", "pk": 28, "fields": {"action_time": "2020-12-02T17:49:41.662Z", "user": 1, "content_type": 9, "object_id": "5", "object_repr": "Name: RiyaDate of Birth: 1999-03-03 00:00:00+00:00 Favourite Categories: \n", "action_flag": 3, "change_message": ""}}, {"model": "admin.logentry", "pk": 29, "fields": {"action_time": "2020-12-02T17:51:53.054Z", "user": 1, "content_type": 9, "object_id": "6", "object_repr": "Name: RiyaDate of Birth: 1999-03-03 17:51:51+00:00 Favourite Categories: Entertainment , \n", "action_flag": 1, "change_message": "[{\"added\": {}}]"}}, {"model": "admin.logentry", "pk": 30, "fields": {"action_time": "2020-12-02T17:52:21.890Z", "user": 1, "content_type": 9, "object_id": "6", "object_repr": "Name: RiyaDate of Birth: 1999-03-03 17:51:51+00:00 Favourite Categories: Entertainment , \n", "action_flag": 3, "change_message": ""}}, {"model": "admin.logentry", "pk": 31, "fields": {"action_time": "2020-12-02T18:18:09.039Z", "user": 1, "content_type": 9, "object_id": "8", "object_repr": "Name: HelloWorldDate of Birth: 1999-03-03 00:00:00+00:00 Favourite Categories: \n", "action_flag": 3, "change_message": ""}}, {"model": "admin.logentry", "pk": 32, "fields": {"action_time": "2020-12-02T18:18:09.042Z", "user": 1, "content_type": 9, "object_id": "7", "object_repr": "Name: RiyaShahDate of Birth: 1999-03-03 00:00:00+00:00 Favourite Categories: \n", "action_flag": 3, "change_message": ""}}, {"model": "admin.logentry", "pk": 33, "fields": {"action_time": "2020-12-02T18:26:17.854Z", "user": 1, "content_type": 9, "object_id": "10", "object_repr": "Name: ShahahaDate of Birth: 1999-03-03 00:00:00+00:00 Favourite Categories: \n", "action_flag": 3, "change_message": ""}}, {"model": "admin.logentry", "pk": 34, "fields": {"action_time": "2020-12-02T18:26:17.859Z", "user": 1, "content_type": 9, "object_id": "9", "object_repr": "Name: RiyaShahDate of Birth: 1999-03-03 00:00:00+00:00 Favourite Categories: \n", "action_flag": 3, "change_message": ""}}, {"model": "admin.logentry", "pk": 35, "fields": {"action_time": "2020-12-03T14:47:00.786Z", "user": 1, "content_type": 10, "object_id": "3", "object_repr": "Article: The rise and fall of the annoying orange and the secret to how he became the POTUS in the first place author: BigChungus07 replied to: Article: The rise and fall of the annoying orange and th", "action_flag": 3, "change_message": ""}}, {"model": "admin.logentry", "pk": 36, "fields": {"action_time": "2020-12-03T15:09:10.525Z", "user": 1, "content_type": 10, "object_id": "4", "object_repr": "Article: The rise and fall of the annoying orange and the secret to how he became the POTUS in the first place author: BigChungus07 replied to: Article: The rise and fall of the annoying orange and th", "action_flag": 1, "change_message": "[{\"added\": {}}]"}}, {"model": "admin.logentry", "pk": 37, "fields": {"action_time": "2020-12-03T15:30:47.707Z", "user": 1, "content_type": 10, "object_id": "4", "object_repr": "Article: The rise and fall of the annoying orange and the secret to how he became the POTUS in the first place author: BigChungus07 replied to: Article: The rise and fall of the annoying orange and th", "action_flag": 3, "change_message": ""}}, {"model": "admin.logentry", "pk": 38, "fields": {"action_time": "2020-12-03T15:30:49.601Z", "user": 1, "content_type": 10, "object_id": "2", "object_repr": "Article: The rise and fall of the annoying orange and the secret to how he became the POTUS in the first place author: BigChungus07 replied to: None text: This is a test and the first comment\n", "action_flag": 3, "change_message": ""}}, {"model": "admin.logentry", "pk": 39, "fields": {"action_time": "2020-12-03T15:30:49.686Z", "user": 1, "content_type": 10, "object_id": "1", "object_repr": "Article: Pfizer COVID-19 Vaccine is Nearly 95% Effective author: BigChungus07 replied to: None text: Wasssup doc,another 5% and I may consider taking it\n", "action_flag": 3, "change_message": ""}}, {"model": "admin.logentry", "pk": 40, "fields": {"action_time": "2020-12-07T14:46:59.780Z", "user": 1, "content_type": 9, "object_id": "12", "object_repr": "Name: Test2Date of Birth: 1996-04-10 00:00:00+00:00 Favourite Categories: \n", "action_flag": 3, "change_message": ""}}, {"model": "admin.logentry", "pk": 41, "fields": {"action_time": "2020-12-07T14:46:59.782Z", "user": 1, "content_type": 9, "object_id": "11", "object_repr": "Name: MrBadgerDate of Birth: 1990-03-15 00:00:00+00:00 Favourite Categories: Economics , \n", "action_flag": 3, "change_message": ""}}, {"model": "admin.logentry", "pk": 42, "fields": {"action_time": "2020-12-07T14:46:59.786Z", "user": 1, "content_type": 9, "object_id": "4", "object_repr": "Name: Borat.Sagdiyev69Date of Birth: 1971-10-13 00:00:00+00:00 Favourite Categories: Entertainment , Economics , \n", "action_flag": 3, "change_message": ""}}, {"model": "admin.logentry", "pk": 43, "fields": {"action_time": "2020-12-07T14:46:59.788Z", "user": 1, "content_type": 9, "object_id": "3", "object_repr": "Name: TestDate of Birth: 2000-01-01 00:00:00+00:00 Favourite Categories: Entertainment , Science , Economics , \n", "action_flag": 3, "change_message": ""}}, {"model": "admin.logentry", "pk": 44, "fields": {"action_time": "2020-12-07T17:02:24.549Z", "user": 1, "content_type": 9, "object_id": "2", "object_repr": "Name: BigChungus07Date of Birth: 1998-03-17 00:00:00+00:00 Favourite Categories: Entertainment , \n", "action_flag": 3, "change_message": ""}}, {"model": "auth.permission", "pk": 1, "fields": {"name": "Can add log entry", "content_type": 1, "codename": "add_logentry"}}, {"model": "auth.permission", "pk": 2, "fields": {"name": "Can change log entry", "content_type": 1, "codename": "change_logentry"}}, {"model": "auth.permission", "pk": 3, "fields": {"name": "Can delete log entry", "content_type": 1, "codename": "delete_logentry"}}, {"model": "auth.permission", "pk": 4, "fields": {"name": "Can view log entry", "content_type": 1, "codename": "view_logentry"}}, {"model": "auth.permission", "pk": 5, "fields": {"name": "Can add permission", "content_type": 2, "codename": "add_permission"}}, {"model": "auth.permission", "pk": 6, "fields": {"name": "Can change permission", "content_type": 2, "codename": "change_permission"}}, {"model": "auth.permission", "pk": 7, "fields": {"name": "Can delete permission", "content_type": 2, "codename": "delete_permission"}}, {"model": "auth.permission", "pk": 8, "fields": {"name": "Can view permission", "content_type": 2, "codename": "view_permission"}}, {"model": "auth.permission", "pk": 9, "fields": {"name": "Can add group", "content_type": 3, "codename": "add_group"}}, {"model": "auth.permission", "pk": 10, "fields": {"name": "Can change group", "content_type": 3, "codename": "change_group"}}, {"model": "auth.permission", "pk": 11, "fields": {"name": "Can delete group", "content_type": 3, "codename": "delete_group"}}, {"model": "auth.permission", "pk": 12, "fields": {"name": "Can view group", "content_type": 3, "codename": "view_group"}}, {"model": "auth.permission", "pk": 13, "fields": {"name": "Can add user", "content_type": 4, "codename": "add_user"}}, {"model": "auth.permission", "pk": 14, "fields": {"name": "Can change user", "content_type": 4, "codename": "change_user"}}, {"model": "auth.permission", "pk": 15, "fields": {"name": "Can delete user", "content_type": 4, "codename": "delete_user"}}, {"model": "auth.permission", "pk": 16, "fields": {"name": "Can view user", "content_type": 4, "codename": "view_user"}}, {"model": "auth.permission", "pk": 17, "fields": {"name": "Can add content type", "content_type": 5, "codename": "add_contenttype"}}, {"model": "auth.permission", "pk": 18, "fields": {"name": "Can change content type", "content_type": 5, "codename": "change_contenttype"}}, {"model": "auth.permission", "pk": 19, "fields": {"name": "Can delete content type", "content_type": 5, "codename": "delete_contenttype"}}, {"model": "auth.permission", "pk": 20, "fields": {"name": "Can view content type", "content_type": 5, "codename": "view_contenttype"}}, {"model": "auth.permission", "pk": 21, "fields": {"name": "Can add session", "content_type": 6, "codename": "add_session"}}, {"model": "auth.permission", "pk": 22, "fields": {"name": "Can change session", "content_type": 6, "codename": "change_session"}}, {"model": "auth.permission", "pk": 23, "fields": {"name": "Can delete session", "content_type": 6, "codename": "delete_session"}}, {"model": "auth.permission", "pk": 24, "fields": {"name": "Can view session", "content_type": 6, "codename": "view_session"}}, {"model": "auth.permission", "pk": 25, "fields": {"name": "Can add category", "content_type": 7, "codename": "add_category"}}, {"model": "auth.permission", "pk": 26, "fields": {"name": "Can change category", "content_type": 7, "codename": "change_category"}}, {"model": "auth.permission", "pk": 27, "fields": {"name": "Can delete category", "content_type": 7, "codename": "delete_category"}}, {"model": "auth.permission", "pk": 28, "fields": {"name": "Can view category", "content_type": 7, "codename": "view_category"}}, {"model": "auth.permission", "pk": 29, "fields": {"name": "Can add article", "content_type": 8, "codename": "add_article"}}, {"model": "auth.permission", "pk": 30, "fields": {"name": "Can change article", "content_type": 8, "codename": "change_article"}}, {"model": "auth.permission", "pk": 31, "fields": {"name": "Can delete article", "content_type": 8, "codename": "delete_article"}}, {"model": "auth.permission", "pk": 32, "fields": {"name": "Can view article", "content_type": 8, "codename": "view_article"}}, {"model": "auth.permission", "pk": 33, "fields": {"name": "Can add user", "content_type": 9, "codename": "add_member"}}, {"model": "auth.permission", "pk": 34, "fields": {"name": "Can change user", "content_type": 9, "codename": "change_member"}}, {"model": "auth.permission", "pk": 35, "fields": {"name": "Can delete user", "content_type": 9, "codename": "delete_member"}}, {"model": "auth.permission", "pk": 36, "fields": {"name": "Can view user", "content_type": 9, "codename": "view_member"}}, {"model": "auth.permission", "pk": 37, "fields": {"name": "Can add comment", "content_type": 10, "codename": "add_comment"}}, {"model": "auth.permission", "pk": 38, "fields": {"name": "Can change comment", "content_type": 10, "codename": "change_comment"}}, {"model": "auth.permission", "pk": 39, "fields": {"name": "Can delete comment", "content_type": 10, "codename": "delete_comment"}}, {"model": "auth.permission", "pk": 40, "fields": {"name": "Can view comment", "content_type": 10, "codename": "view_comment"}}, {"model": "auth.user", "pk": 1, "fields": {"password": "pbkdf2_sha256$216000$puZizNCw48e6$vFiPwhO/hFfv3KzjPk/lCs9xA2yIicneN7JkUXAeihA=", "last_login": "2020-12-07T17:02:13.999Z", "is_superuser": true, "username": "admin", "first_name": "", "last_name": "", "email": "admin@wpcw.com", "is_staff": true, "is_active": true, "date_joined": "2020-11-19T21:30:00.732Z", "groups": [], "user_permissions": []}}, {"model": "auth.user", "pk": 13, "fields": {"password": "pbkdf2_sha256$216000$DjdF6vWxinLC$W5zJOuX4hAEn91RbZiYeyWIU5xGXI8ixSdHys6g7eU0=", "last_login": null, "is_superuser": false, "username": "EllieBarnes", "first_name": "", "last_name": "", "email": "test1@wpcoursework.com", "is_staff": false, "is_active": true, "date_joined": "2020-12-07T16:00:59.931Z", "groups": [], "user_permissions": []}}, {"model": "auth.user", "pk": 14, "fields": {"password": "pbkdf2_sha256$216000$ys8BYKk2h6oX$UsXQHZ8BWryFwB/ctiQn9U46qGqawkFQFWIstQQ1QQU=", "last_login": null, "is_superuser": false, "username": "HenryBanks", "first_name": "", "last_name": "", "email": "test2@wpcoursework.com", "is_staff": false, "is_active": true, "date_joined": "2020-12-07T16:10:13.876Z", "groups": [], "user_permissions": []}}, {"model": "auth.user", "pk": 15, "fields": {"password": "pbkdf2_sha256$216000$XnvagbXADtIG$QiYknlWR9EGIwGI3aNdxMRTuf8zVfzV7QqSSelqFlN8=", "last_login": null, "is_superuser": false, "username": "SunnyCheng", "first_name": "", "last_name": "", "email": "test3@wpcoursework.com", "is_staff": false, "is_active": true, "date_joined": "2020-12-07T16:17:49.532Z", "groups": [], "user_permissions": []}}, {"model": "contenttypes.contenttype", "pk": 1, "fields": {"app_label": "admin", "model": "logentry"}}, {"model": "contenttypes.contenttype", "pk": 2, "fields": {"app_label": "auth", "model": "permission"}}, {"model": "contenttypes.contenttype", "pk": 3, "fields": {"app_label": "auth", "model": "group"}}, {"model": "contenttypes.contenttype", "pk": 4, "fields": {"app_label": "auth", "model": "user"}}, {"model": "contenttypes.contenttype", "pk": 5, "fields": {"app_label": "contenttypes", "model": "contenttype"}}, {"model": "contenttypes.contenttype", "pk": 6, "fields": {"app_label": "sessions", "model": "session"}}, {"model": "contenttypes.contenttype", "pk": 7, "fields": {"app_label": "news", "model": "category"}}, {"model": "contenttypes.contenttype", "pk": 8, "fields": {"app_label": "news", "model": "article"}}, {"model": "contenttypes.contenttype", "pk": 9, "fields": {"app_label": "news", "model": "member"}}, {"model": "contenttypes.contenttype", "pk": 10, "fields": {"app_label": "news", "model": "comment"}}, {"model": "sessions.session", "pk": "2cok2vl6g5nxkxxcn9unhdo2qwor28zz", "fields": {"session_data": "eyJ1c2VybmFtZSI6IlRlc3QiLCJwYXNzd29yZCI6IlRlc3QifQ:1kiQQ7:8ycd8to0MNqA_V4uqlFEZ8TsTHk9Usy73viqMVEzvxc", "expire_date": "2020-12-10T23:11:23.729Z"}}, {"model": "sessions.session", "pk": "6dznsuazganyai37kpa4l31ecp4v9ith", "fields": {"session_data": "eyJ1c2VybmFtZSI6IkVsbGllQmFybmVzIiwicGFzc3dvcmQiOiJXaW5uaWUyMyJ9:1kmZpC:ABEbdaSNBqA0TeBvNyzCr84ukgzd72N-8QeaBw3VWpo", "expire_date": "2020-12-22T10:02:26.511Z"}}, {"model": "sessions.session", "pk": "6wjjh69wt2gbz1kg1n7gj5psxshhkbk9", "fields": {"session_data": "eyJ1c2VybmFtZSI6IkJpZ0NodW5ndXMwNyIsInBhc3N3b3JkIjoiQ2h1bmd1cyJ9:1kiOlw:JpadtP3ir1z8GjiWXc9-eJ-q1HHfTC0pX-tREV-HOXU", "expire_date": "2020-12-10T21:25:48.620Z"}}, {"model": "sessions.session", "pk": "eh0vdhz1oe7y7kgs0aanm1ip8vlpzwfs", "fields": {"session_data": "eyJ1c2VybmFtZSI6IkJpZ0NodW5ndXMwNyIsInBhc3N3b3JkIjoiQ2h1bmd1cyJ9:1kiP2M:ySiy-3daTNT06LCQ-24DDii1I_b7n5Tt11YVx4Kdf68", "expire_date": "2020-12-10T21:42:46.188Z"}}, {"model": "sessions.session", "pk": "gokq5lnxw2n2az0wkbedhmhv7jkfpf8d", "fields": {"session_data": ".eJxVjDEOAiEQRe9CbQgMiGBp7xnIDAyyaiBZdivj3XWTLbT9773_EhHXpcZ18BynLM5Ci8PvRpge3DaQ79huXabelnkiuSlyp0Nee-bnZXf_DiqO-q3Rk7JJBYMWGcC6ky-aciAkA8fgFOesSGkD2hTwnBwa8I51saixgHh_AOENN90:1kfrVX:sTCfAnWJ4cecyh7QCXO8-Z17ytSQBeOdA9pzmQFjHCQ", "expire_date": "2020-12-03T21:30:23.630Z"}}, {"model": "sessions.session", "pk": "hwcu94mxz7hufg20cn90oerb74v51wyu", "fields": {"session_data": "eyJ1c2VybmFtZSI6IkJpZ0NodW5ndXMwNyIsInBhc3N3b3JkIjoiQ2h1bmd1cyJ9:1kiOLV:ygFQ1qG3CiNu1qQavbOHygxsjMWjbdTvl38hemjKXn0", "expire_date": "2020-12-10T20:58:29.457Z"}}, {"model": "sessions.session", "pk": "mkxnxo7tedtm5nlat0logudtcv13ejo1", "fields": {"session_data": "eyJ1c2VybmFtZSI6IkJpZ0NodW5ndXMwNyIsInBhc3N3b3JkIjoiQ2h1bmd1cyJ9:1kiQcB:MxD9fD1DKtI9k1OGhciv6UZ8_46Y8vAIFJCFxshZoos", "expire_date": "2020-12-10T23:23:51.907Z"}}, {"model": "sessions.session", "pk": "n0pyiopfqu2yhfzrmulo3fb1g4mfctmg", "fields": {"session_data": "eyJ1c2VybmFtZSI6Ik1yQmFkZ2VyIiwicGFzc3dvcmQiOiJCYWRnZXIifQ:1klsss:kHWnGL0xu7tIVxj2V1TYBYzxJgkNiFuQQAIJghMPAD4", "expire_date": "2020-12-20T12:11:22.694Z"}}, {"model": "sessions.session", "pk": "tk79mf42bc6x7cfuzbf5ars0nwgpyrtg", "fields": {"session_data": "eyJ1c2VybmFtZSI6IkJpZ0NodW5ndXMwNyIsInBhc3N3b3JkIjoiQ2h1bmd1cyJ9:1kikYS:EogP1TY61bgGf4nVhYVwqSBoX1mivw281hyiu8HQVFY", "expire_date": "2020-12-11T20:41:20.977Z"}}]